customer_id,full_name,age,age_category,total_spent,customer_segment,department,is_active
1,Danielle Johnson,58,Senior (50+),3707.75,Silver,Marketing,True
2,Roberto Ramirez,65,Senior (50+),3703.34,Bronze,IT,False
3,Melissa Delacruz,19,Young (18-29),1163.3,Bronze,Operations,True
4,Jeremy Johnson,59,Senior (50+),2097.6,Platinum,IT,False
5,Daniel Burton,66,Senior (50+),3490.7,Gold,Marketing,False
6,Colleen Skinner,31,Middle-aged (30-49),511.05,Platinum,Sales,True
7,Andrea Baker,72,Senior (50+),1322.6,Bronze,Finance,False
8,Michele Jones,25,Young (18-29),2760.2,Gold,Operations,True
9,Corey Powell,22,Young (18-29),1139.49,Gold,Marketing,True
10,Melinda Martin,73,Senior (50+),1389.87,Gold,Sales,True
11,Lee Williams,40,Middle-aged (30-49),1334.89,Bronze,Finance,True
12,Elizabeth Edwards,64,Senior (50+),2311.3,Gold,Operations,True
13,Vanessa Valdez,38,Middle-aged (30-49),3880.0,Silver,Sales,True
14,Meghan Davis,43,Middle-aged (30-49),1054.91,Gold,Operations,True
15,John Garcia,49,Middle-aged (30-49),2294.26,Gold,Marketing,True
16,Kevin Pope,65,Senior (50+),1313.71,Platinum,Sales,False
17,Rachel Lee,32,Middle-aged (30-49),2467.58,Bronze,Marketing,True
18,Christina Turner,58,Senior (50+),3402.41,Bronze,HR,False
19,Tracey Carr,56,Senior (50+),1257.07,Bronze,Operations,True
20,Elizabeth Travis,74,Senior (50+),1334.13,Gold,Sales,True
21,Patrick Hernandez,45,Middle-aged (30-49),16.23,Gold,Finance,True
22,Tracy Nelson,76,Senior (50+),1492.22,Silver,Sales,True
23,Nichole Ramirez,66,Senior (50+),4767.5,Bronze,HR,False
24,Holly Wang,19,Young (18-29),4393.61,Gold,IT,True
25,David Riggs,33,Middle-aged (30-49),4734.75,Bronze,IT,False
26,Kim Marshall,80,Senior (50+),3829.17,Silver,Finance,False
27,John Russell,28,Young (18-29),4362.17,Platinum,Finance,True
28,James Wilson,66,Senior (50+),1005.76,Gold,Operations,False
29,Justin Mendoza,59,Senior (50+),4498.07,Platinum,Marketing,True
30,Kimberly James,32,Middle-aged (30-49),105.17,Silver,IT,True
31,Jacqueline Gibson,22,Young (18-29),294.37,Bronze,Sales,True
32,Taylor Torres,22,Young (18-29),1392.39,Platinum,Finance,True
33,Brenda Walters,26,Young (18-29),2881.06,Silver,HR,False
34,Molly Murray,30,Middle-aged (30-49),3294.91,Gold,HR,False
35,Daniel Valentine,47,Middle-aged (30-49),270.86,Bronze,HR,True
36,Jessica Monroe,64,Senior (50+),1243.28,Silver,Marketing,False
37,Wayne Lawrence,45,Middle-aged (30-49),2313.14,Bronze,Finance,False
38,Crystal Mccall,24,Young (18-29),4996.41,Bronze,Marketing,True
39,Roberta Thomas,28,Young (18-29),2406.79,Platinum,Marketing,True
40,Victoria Phillips,42,Middle-aged (30-49),1326.02,Platinum,HR,False
41,Julie Thompson,62,Senior (50+),2778.84,Platinum,Marketing,True
42,Jose James,36,Middle-aged (30-49),2895.9,Bronze,IT,False
43,Ellen Paul,21,Young (18-29),2514.25,Silver,Finance,True
44,Danielle Maddox,23,Young (18-29),342.61,Bronze,HR,True
45,Donna Johnson,25,Young (18-29),1231.08,Bronze,HR,True
46,Anthony Lutz,60,Senior (50+),2613.91,Gold,Operations,True
47,Kayla Le,63,Senior (50+),1328.07,Silver,HR,False
48,Anna Rivera,38,Middle-aged (30-49),46.58,Bronze,Finance,True
49,Terri Cardenas,31,Middle-aged (30-49),662.28,Gold,Marketing,True
50,Larry Nguyen,41,Middle-aged (30-49),2190.92,Gold,Operations,True
51,Brandon Foster,70,Senior (50+),4658.78,Bronze,Sales,True
52,Lawrence Patterson,25,Young (18-29),3712.08,Silver,Sales,False
53,Matthew Cook,56,Senior (50+),1714.4,Gold,Sales,False
54,Marcus Maddox,75,Senior (50+),461.49,Platinum,IT,False
55,Angela Conner,18,Young (18-29),654.1,Gold,Operations,True
56,Michael Hardin,46,Middle-aged (30-49),2138.43,Bronze,IT,True
57,Christopher Hansen,78,Senior (50+),4519.64,Bronze,Finance,False
58,Benjamin Rogers,53,Senior (50+),637.23,Gold,IT,False
59,Tracey Murray,75,Senior (50+),3410.33,Bronze,Finance,False
60,Samuel Potts,74,Senior (50+),4869.19,Silver,Marketing,True
61,Christina Bullock,80,Senior (50+),4407.08,Bronze,Operations,True
62,Kelly Smith,77,Senior (50+),4654.08,Silver,Marketing,False
63,Courtney Ingram,68,Senior (50+),1912.71,Bronze,Marketing,False
64,Justin Atkins,30,Middle-aged (30-49),1748.29,Silver,IT,True
65,Donna Parker,60,Senior (50+),1641.31,Bronze,Sales,False
66,Antonio Hernandez,59,Senior (50+),3397.59,Gold,IT,True
67,Travis Martinez,74,Senior (50+),2902.95,Gold,IT,True
68,Michael Armstrong,56,Senior (50+),3642.73,Gold,Finance,False
69,Danielle White,80,Senior (50+),1925.98,Silver,IT,False
70,Clarence Davidson,63,Senior (50+),2599.6,Silver,HR,False
71,Scott Washington,22,Young (18-29),3115.78,Bronze,Finance,False
72,Rachel Li,37,Middle-aged (30-49),1630.91,Gold,Marketing,True
73,Dennis Baker,44,Middle-aged (30-49),3386.59,Silver,HR,False
74,Drew Morrison,53,Senior (50+),1519.37,Silver,Finance,False
75,William Burns,56,Senior (50+),2324.94,Platinum,Finance,True
76,Andrew Edwards,48,Middle-aged (30-49),3679.81,Bronze,Finance,False
77,Angela Walker,60,Senior (50+),1675.94,Silver,Marketing,False
78,Joseph Hoffman,69,Senior (50+),122.13,Silver,Finance,False
79,Natalie Woods,72,Senior (50+),2277.08,Silver,HR,False
80,Amy Snyder,43,Middle-aged (30-49),3280.29,Bronze,HR,True
81,Tina Woods,32,Middle-aged (30-49),2589.79,Bronze,IT,True
82,Timothy Gibson,47,Middle-aged (30-49),3337.89,Gold,Finance,False
83,Tracy Nolan,70,Senior (50+),2133.7,Platinum,Operations,True
84,Sarah Johnson,73,Senior (50+),1295.96,Silver,Finance,False
85,Roger Gray,49,Middle-aged (30-49),1372.99,Bronze,Marketing,False
86,Jeff Shields,35,Middle-aged (30-49),4465.13,Bronze,Marketing,True
87,Dawn James,32,Middle-aged (30-49),764.03,Silver,HR,True
88,Christopher Hardy,44,Middle-aged (30-49),2329.62,Bronze,HR,True
89,Randy Allen,42,Middle-aged (30-49),2920.4,Bronze,HR,False
90,Jennifer Phillips,18,Young (18-29),3767.38,Platinum,HR,True
91,Jesse Mann,32,Middle-aged (30-49),2428.21,Platinum,Operations,False
92,Eduardo Lee,61,Senior (50+),3620.91,Platinum,Finance,True
93,Mark Madden,52,Senior (50+),2959.46,Bronze,Operations,True
94,Raymond Jones,45,Middle-aged (30-49),908.65,Gold,Sales,False
95,Ryan Frazier,31,Middle-aged (30-49),1687.5,Platinum,HR,False
96,Ryan Hawkins,34,Middle-aged (30-49),2351.53,Bronze,Marketing,False
97,Joseph Thomas,59,Senior (50+),4786.43,Bronze,Marketing,True
98,Scott Jordan,30,Middle-aged (30-49),3106.68,Silver,HR,True
99,Wendy White,60,Senior (50+),4738.79,Platinum,Sales,False
100,William Knapp,28,Young (18-29),4818.67,Bronze,Sales,True
101,Jeffrey Brooks,24,Young (18-29),4644.44,Platinum,Operations,False
102,Lisa Wilson,30,Middle-aged (30-49),3453.07,Silver,Operations,True
103,Jason Ramirez,67,Senior (50+),3002.06,Bronze,Sales,True
104,Janice Evans,52,Senior (50+),1852.85,Gold,HR,True
105,Christine Glenn,70,Senior (50+),2167.62,Gold,Operations,False
106,Ariel Barton,27,Young (18-29),3668.98,Gold,HR,False
107,Christopher Grimes,45,Middle-aged (30-49),2962.37,Gold,IT,True
108,Michele Duke,35,Middle-aged (30-49),1219.32,Platinum,Sales,False
109,Christopher Robertson,19,Young (18-29),909.2,Silver,Sales,False
110,Kathryn Williams,39,Middle-aged (30-49),3505.92,Gold,Finance,True
111,Thomas Anderson,78,Senior (50+),1206.78,Platinum,Finance,False
112,Chelsey Martin,66,Senior (50+),2380.47,Platinum,IT,False
113,Anthony Boone,23,Young (18-29),2022.01,Silver,Operations,False
114,Thomas Archer,55,Senior (50+),2767.36,Gold,Operations,False
115,Eric Murphy,53,Senior (50+),3514.27,Gold,Sales,False
116,Krista Le,32,Middle-aged (30-49),962.92,Bronze,Marketing,True
117,Audrey Sharp,31,Middle-aged (30-49),1382.5,Gold,Marketing,True
118,Emily Williams,36,Middle-aged (30-49),897.21,Bronze,Sales,True
119,Teresa Cuevas,20,Young (18-29),1460.68,Silver,IT,False
120,Wendy Dawson,73,Senior (50+),1421.7,Platinum,Sales,False
121,Louis Nelson,29,Young (18-29),4705.32,Platinum,IT,True
122,Kevin Bush,43,Middle-aged (30-49),2885.11,Bronze,Marketing,True
123,Donald Smith,69,Senior (50+),425.9,Silver,Finance,True
124,Ronald Gomez,66,Senior (50+),2980.63,Silver,HR,False
125,Amy Smith,76,Senior (50+),4300.83,Platinum,Finance,False
126,Alyssa Wang,57,Senior (50+),4800.54,Bronze,Operations,True
127,Stacey Elliott,31,Middle-aged (30-49),405.94,Silver,Finance,True
128,Leah Oneill,22,Young (18-29),2042.59,Platinum,IT,False
129,Brianna Thompson,32,Middle-aged (30-49),1413.59,Platinum,Operations,True
130,Christopher Fletcher,32,Middle-aged (30-49),3956.24,Silver,IT,False
131,Katherine Perez,52,Senior (50+),744.95,Gold,IT,True
132,Catherine Hamilton,21,Young (18-29),1538.06,Gold,IT,False
133,Kelly Miller,47,Middle-aged (30-49),3498.67,Gold,HR,False
134,Christopher Cooper,23,Young (18-29),4447.11,Gold,IT,False
135,Erica Oliver,23,Young (18-29),4179.79,Bronze,Finance,False
136,Sally Smith,20,Young (18-29),875.95,Platinum,Marketing,False
137,Richard Montgomery,55,Senior (50+),4071.22,Bronze,Sales,False
138,Jessica Jacobs,44,Middle-aged (30-49),3350.67,Silver,HR,False
139,Michael Gonzalez,62,Senior (50+),3312.92,Platinum,HR,True
140,Frank Armstrong,23,Young (18-29),1616.37,Platinum,Operations,True
141,Michael King,73,Senior (50+),2066.24,Silver,Finance,False
142,John Brown,66,Senior (50+),2210.2,Bronze,Sales,True
143,David Green,53,Senior (50+),2190.58,Platinum,IT,True
144,Vincent Dillon,80,Senior (50+),3996.57,Silver,Finance,False
145,Kathleen Jackson,18,Young (18-29),466.05,Bronze,IT,False
146,Courtney Wright,59,Senior (50+),2491.88,Gold,HR,False
147,Rebecca Burnett,71,Senior (50+),1218.65,Silver,Marketing,False
148,Amy Wells,76,Senior (50+),3731.46,Silver,Sales,True
149,Michael Ortiz,67,Senior (50+),1699.38,Gold,Sales,True
150,Gregg Williams,64,Senior (50+),2899.62,Platinum,HR,True
151,Mary Vaughn,52,Senior (50+),1662.2,Platinum,Sales,False
152,Paige Alexander,73,Senior (50+),1194.03,Platinum,HR,True
153,Charles Vasquez,20,Young (18-29),2364.88,Platinum,Operations,False
154,Angela Smith,68,Senior (50+),4904.09,Platinum,Marketing,True
155,Lauren Kelley,50,Senior (50+),4348.5,Platinum,Finance,True
156,Emily Martinez,76,Senior (50+),3612.22,Platinum,IT,True
157,Patrick Petty,48,Middle-aged (30-49),1692.81,Platinum,Sales,True
158,Marcus Wilson,72,Senior (50+),1900.05,Gold,Finance,False
159,Kristen Harris,20,Young (18-29),1173.85,Gold,Operations,True
160,Deborah Fischer,23,Young (18-29),3801.85,Bronze,Marketing,False
161,Bill Mcfarland,62,Senior (50+),229.95,Bronze,Sales,False
162,Kelly Clements,41,Middle-aged (30-49),1220.99,Platinum,Marketing,True
163,Leah Griffin,29,Young (18-29),4354.2,Silver,Finance,False
164,Laura Grant,27,Young (18-29),3189.52,Platinum,Operations,False
165,Patrick Short,18,Young (18-29),4506.05,Silver,HR,True
166,Douglas White,78,Senior (50+),1495.77,Platinum,HR,False
167,Kevin Silva,72,Senior (50+),4996.87,Platinum,Marketing,True
168,Courtney Luna,42,Middle-aged (30-49),2874.06,Gold,Operations,True
169,Christopher Cox,43,Middle-aged (30-49),2829.65,Bronze,Sales,False
170,Paul Hardin,67,Senior (50+),3035.32,Gold,Operations,True
171,Tommy Olson,30,Middle-aged (30-49),3388.82,Silver,Operations,True
172,Deborah Jenkins,59,Senior (50+),3943.05,Bronze,Operations,False
173,George Greer,26,Young (18-29),1633.6,Platinum,Marketing,True
174,Gregory Valenzuela,26,Young (18-29),4382.3,Gold,Marketing,False
175,Rebecca Hood,34,Middle-aged (30-49),4836.92,Gold,IT,False
176,Brenda Green,47,Middle-aged (30-49),3770.76,Silver,Finance,False
177,Evan Lewis,41,Middle-aged (30-49),1972.87,Gold,HR,True
178,Diana Mitchell,41,Middle-aged (30-49),3361.7,Platinum,IT,False
179,Michael Foster,61,Senior (50+),125.12,Gold,Operations,True
180,Wesley Morgan,22,Young (18-29),4546.94,Gold,IT,False
181,Leslie Moses,26,Young (18-29),1521.82,Platinum,IT,True
182,Jill Salas,33,Middle-aged (30-49),678.32,Platinum,Operations,False
183,Brian Lloyd,78,Senior (50+),4729.87,Platinum,HR,True
184,Susan Cooper,59,Senior (50+),3078.26,Gold,Operations,True
185,Robert Taylor,41,Middle-aged (30-49),2223.48,Silver,IT,False
186,Andrew Martinez,80,Senior (50+),2722.33,Gold,HR,True
187,Richard Meadows,35,Middle-aged (30-49),4745.05,Platinum,Operations,True
188,Cody Zuniga,31,Middle-aged (30-49),2985.73,Bronze,Sales,True
189,Sarah Dunn,33,Middle-aged (30-49),2822.89,Bronze,Finance,True
190,Lisa Charles,31,Middle-aged (30-49),1642.8,Silver,Sales,True
191,Christian Garrett,72,Senior (50+),2701.08,Silver,Operations,True
192,Julian Martinez,73,Senior (50+),74.3,Silver,IT,False
193,Theodore Lee,29,Young (18-29),633.79,Platinum,Operations,True
194,Julie Dunn,22,Young (18-29),3890.09,Bronze,Finance,False
195,John Porter,32,Middle-aged (30-49),3636.21,Gold,Operations,False
196,Tracy Knight,79,Senior (50+),4992.93,Platinum,Operations,False
197,Michael Oliver,24,Young (18-29),4548.5,Bronze,Sales,True
198,Diane Fox,56,Senior (50+),630.96,Gold,Finance,False
199,Jason Stone,51,Senior (50+),2527.76,Platinum,Operations,True
200,Diane Ferguson,25,Young (18-29),3254.58,Silver,HR,False
201,Pamela Smith,74,Senior (50+),1694.66,Platinum,HR,False
202,Ricardo Hardin,64,Senior (50+),2133.82,Gold,Marketing,False
203,Brian Warren,61,Senior (50+),456.12,Bronze,HR,True
204,Jose Ross,24,Young (18-29),1863.23,Silver,Finance,True
205,Michael Flores,79,Senior (50+),1648.23,Bronze,Sales,False
206,Kevin Ruiz,73,Senior (50+),2114.68,Bronze,Finance,False
207,Sierra Jones,37,Middle-aged (30-49),2889.59,Silver,Operations,True
208,Michael Bell,48,Middle-aged (30-49),1750.57,Gold,Sales,True
209,Jamie Taylor,54,Senior (50+),4225.78,Bronze,IT,False
210,David Johnson,29,Young (18-29),3812.05,Gold,IT,False
211,Ricky Novak,29,Young (18-29),2831.61,Platinum,Marketing,True
212,Nancy Buchanan,65,Senior (50+),458.79,Silver,HR,False
213,Christie Brown,47,Middle-aged (30-49),1850.27,Gold,IT,True
214,Danny Cole,27,Young (18-29),3089.19,Bronze,HR,False
215,Sean Sims,60,Senior (50+),3035.38,Platinum,Marketing,False
216,Lori Clark,66,Senior (50+),1725.86,Bronze,Operations,False
217,Tammy Curry,61,Senior (50+),2634.67,Gold,Marketing,True
218,Haley Peck,43,Middle-aged (30-49),38.44,Gold,Marketing,True
219,Laura Mclaughlin,66,Senior (50+),1640.61,Bronze,Operations,False
220,Randy Carroll,45,Middle-aged (30-49),1901.04,Silver,IT,False
221,Mary Morgan,43,Middle-aged (30-49),211.51,Bronze,IT,False
222,Kristen Strickland,73,Senior (50+),2146.42,Platinum,Sales,False
223,Pamela Garcia,25,Young (18-29),4831.0,Silver,Operations,False
224,Lucas Thomas,76,Senior (50+),2183.56,Bronze,HR,True
225,Lisa Marquez,55,Senior (50+),393.24,Gold,Marketing,False
226,Elizabeth Mccormick,39,Middle-aged (30-49),381.9,Bronze,Sales,True
227,Amanda Morales,40,Middle-aged (30-49),4075.19,Silver,Marketing,True
228,Caitlin Nguyen,34,Middle-aged (30-49),3011.99,Bronze,Operations,True
229,Sergio Harris,49,Middle-aged (30-49),2818.68,Platinum,Operations,False
230,Phillip Flores,38,Middle-aged (30-49),341.43,Platinum,Sales,False
231,Diane Proctor,55,Senior (50+),2536.68,Gold,HR,False
232,Sara Johnston,20,Young (18-29),4158.48,Bronze,Finance,True
233,Brian Cooper,56,Senior (50+),2313.56,Bronze,Finance,False
234,Jo Johnson,59,Senior (50+),3025.03,Silver,HR,True
235,Michelle Cooper,24,Young (18-29),4911.93,Bronze,IT,True
236,Peter Baker,33,Middle-aged (30-49),4954.93,Silver,Sales,False
237,Erica Kaiser,76,Senior (50+),2043.85,Gold,Operations,True
238,Rachel Knight,59,Senior (50+),1648.45,Platinum,Sales,False
239,James Long,64,Senior (50+),4822.05,Silver,IT,False
240,Isabel Conway,55,Senior (50+),4583.73,Gold,Marketing,False
241,Maureen Hodges,56,Senior (50+),1547.91,Platinum,Marketing,False
242,Lisa Levy,60,Senior (50+),4985.82,Bronze,Finance,False
243,David Jackson,41,Middle-aged (30-49),1544.33,Silver,HR,False
244,Derrick Copeland,30,Middle-aged (30-49),774.73,Gold,Finance,True
245,Adam White,67,Senior (50+),4418.41,Bronze,Finance,False
246,David Moreno,26,Young (18-29),771.26,Silver,Operations,True
247,Bradley Yang,46,Middle-aged (30-49),1821.5,Silver,Finance,False
248,Jeffrey Ruiz,36,Middle-aged (30-49),3919.0,Silver,Sales,True
249,Melissa Ellis,79,Senior (50+),2345.08,Silver,Operations,False
250,Jeffrey Pennington,78,Senior (50+),2308.4,Gold,Finance,False
251,Jeffery Howard,51,Senior (50+),4084.46,Silver,IT,False
252,Helen Salazar,59,Senior (50+),2772.7,Bronze,Sales,True
253,Sheila Carpenter,23,Young (18-29),1363.96,Silver,IT,False
254,Christopher Myers,78,Senior (50+),4083.52,Gold,HR,True
255,Monica Hall,21,Young (18-29),1869.81,Platinum,Sales,True
256,Stephanie Montgomery,32,Middle-aged (30-49),4654.13,Gold,Marketing,True
257,Amanda Martinez,20,Young (18-29),3480.36,Silver,HR,False
258,Christina Robinson,57,Senior (50+),95.02,Silver,Finance,True
259,Elizabeth Sanders,78,Senior (50+),2638.86,Bronze,Marketing,False
260,Mikayla Hatfield,37,Middle-aged (30-49),1192.2,Platinum,IT,True
261,Mary Torres,71,Senior (50+),2983.7,Bronze,Operations,True
262,Miranda Burton,27,Young (18-29),7.82,Gold,Finance,True
263,Chase Lee,44,Middle-aged (30-49),3341.07,Gold,Finance,True
264,Frank Robinson,52,Senior (50+),4941.66,Bronze,HR,False
265,Gerald Torres,20,Young (18-29),4905.2,Gold,Sales,True
266,Rebekah Williams,68,Senior (50+),1205.63,Bronze,Marketing,False
267,Cory Lane,20,Young (18-29),1692.74,Silver,Operations,False
268,Kathleen Edwards,48,Middle-aged (30-49),4057.49,Bronze,IT,False
269,Sheila Richardson,36,Middle-aged (30-49),3955.55,Bronze,Sales,False
270,Victor Hubbard,50,Senior (50+),2367.0,Bronze,Sales,True
271,Erin Hernandez,40,Middle-aged (30-49),239.02,Gold,IT,False
272,Donna Chan,69,Senior (50+),4447.43,Platinum,Sales,False
273,Bryan Garza,80,Senior (50+),3460.34,Gold,IT,False
274,Misty Wilson,64,Senior (50+),2153.04,Silver,Sales,False
275,Matthew Mendez,24,Young (18-29),3304.6,Gold,Finance,False
276,Laura Pearson,63,Senior (50+),3448.82,Gold,IT,False
277,Lisa Farrell,64,Senior (50+),3074.26,Platinum,Operations,False
278,Justin Martin,80,Senior (50+),375.21,Platinum,Finance,False
279,Melissa Stuart,69,Senior (50+),799.93,Bronze,Finance,True
280,Julie Walls,61,Senior (50+),173.99,Bronze,Operations,True
281,Andrew Rasmussen,41,Middle-aged (30-49),4747.34,Bronze,Operations,True
282,Scott Stewart,46,Middle-aged (30-49),2219.7,Bronze,Finance,True
283,Richard Fuller,41,Middle-aged (30-49),3247.8,Silver,IT,True
284,Sandra Holland,65,Senior (50+),2588.73,Bronze,Sales,False
285,James Atkins,63,Senior (50+),4981.83,Gold,Marketing,False
286,Terri Sanders,25,Young (18-29),2260.21,Platinum,Operations,True
287,Patricia Williams,79,Senior (50+),3339.2,Bronze,Sales,False
288,Joseph Edwards,72,Senior (50+),3547.82,Silver,Finance,False
289,Jenna Washington,32,Middle-aged (30-49),3960.33,Silver,IT,False
290,Anthony Maldonado,41,Middle-aged (30-49),1844.56,Silver,IT,True
291,Chad Crane,37,Middle-aged (30-49),3594.35,Platinum,Finance,False
292,Michael Davis,22,Young (18-29),3211.69,Platinum,Operations,False
293,Christopher Mcdonald,51,Senior (50+),4389.8,Silver,HR,True
294,Brenda Mack,50,Senior (50+),4156.95,Silver,Marketing,False
295,Jordan Nunez,28,Young (18-29),1127.35,Gold,Sales,True
296,Tara Trevino,30,Middle-aged (30-49),1372.26,Gold,Finance,True
297,Brent Smith,59,Senior (50+),4708.03,Silver,Operations,True
298,Robert Kennedy,57,Senior (50+),1688.1,Bronze,IT,True
299,Jessica Flynn,20,Young (18-29),2883.86,Silver,Finance,False
300,Erica Thompson,58,Senior (50+),4444.98,Gold,HR,False
301,Curtis Hart,33,Middle-aged (30-49),2030.46,Platinum,Operations,True
302,Christopher Watson,21,Young (18-29),2078.11,Platinum,Sales,True
303,Leroy Holden,56,Senior (50+),4307.43,Gold,HR,False
304,Pam Harrington,26,Young (18-29),2574.9,Bronze,Marketing,False
305,Jonathan Collier,47,Middle-aged (30-49),2247.98,Silver,IT,True
306,Courtney Ferguson,36,Middle-aged (30-49),2090.67,Silver,Finance,False
307,Pamela Alvarez,64,Senior (50+),3815.61,Platinum,HR,False
308,Jason Kennedy,74,Senior (50+),115.88,Platinum,Marketing,False
309,Brandon Shannon,31,Middle-aged (30-49),243.29,Gold,Finance,False
310,Shannon Cole,74,Senior (50+),3362.6,Gold,IT,True
311,Karen Shaw,45,Middle-aged (30-49),3637.54,Platinum,IT,False
312,Allison Reyes,43,Middle-aged (30-49),2809.08,Gold,IT,False
313,Shelly Lam,42,Middle-aged (30-49),3822.02,Gold,Marketing,True
314,Emily Sanchez,80,Senior (50+),1865.99,Gold,Marketing,False
315,Carla Franco,30,Middle-aged (30-49),2006.94,Bronze,IT,True
316,Laurie Henson,26,Young (18-29),4019.83,Platinum,Finance,True
317,Lisa Wallace,75,Senior (50+),1639.83,Gold,HR,True
318,Tina Coffey,57,Senior (50+),2968.62,Platinum,HR,False
319,Nicole Daniel,70,Senior (50+),1656.2,Bronze,Finance,False
320,Amanda Stewart,37,Middle-aged (30-49),4360.5,Bronze,Sales,False
321,Thomas Benjamin,79,Senior (50+),4860.28,Silver,Finance,True
322,Brian Bishop,48,Middle-aged (30-49),3145.13,Platinum,Operations,True
323,Sharon Logan,33,Middle-aged (30-49),4741.03,Bronze,IT,True
324,David Silva,46,Middle-aged (30-49),757.16,Silver,Finance,False
325,Elizabeth Neal,67,Senior (50+),4364.09,Bronze,Finance,True
326,Timothy Tate,31,Middle-aged (30-49),4990.61,Platinum,Sales,False
327,James Thompson,79,Senior (50+),4560.62,Gold,Operations,False
328,Tiffany Cuevas,67,Senior (50+),3403.73,Gold,Marketing,False
329,John Soto,79,Senior (50+),2790.43,Silver,Sales,False
330,Joseph Morales,63,Senior (50+),3524.94,Gold,Sales,False
331,Steven Oliver,53,Senior (50+),1367.29,Bronze,HR,False
332,James Gonzalez,70,Senior (50+),4023.08,Gold,Sales,True
333,Katherine Sharp,79,Senior (50+),1731.82,Platinum,Operations,False
334,Gina Powell,48,Middle-aged (30-49),4139.76,Gold,Marketing,False
335,Patricia Davis,24,Young (18-29),2934.15,Silver,Operations,True
336,David Barnes,75,Senior (50+),3189.72,Bronze,HR,True
337,John Murphy,39,Middle-aged (30-49),502.72,Silver,Finance,True
338,Bradley Mcclure,80,Senior (50+),3264.46,Platinum,Operations,False
339,Steven Cooper,30,Middle-aged (30-49),1605.84,Bronze,Operations,True
340,Craig Phillips,54,Senior (50+),3693.43,Bronze,HR,True
341,Nicholas Allen,74,Senior (50+),4669.61,Bronze,HR,False
342,Alexis Valdez,29,Young (18-29),4383.72,Bronze,Finance,False
343,Nicole Stewart,56,Senior (50+),1422.81,Platinum,Finance,True
344,Nicholas Phillips,47,Middle-aged (30-49),4044.07,Gold,Operations,True
345,Jeffrey Salas,47,Middle-aged (30-49),3592.99,Bronze,Sales,False
346,John Mitchell,54,Senior (50+),965.81,Platinum,Finance,False
347,Jessica Scott,38,Middle-aged (30-49),3346.28,Silver,HR,True
348,Tara Brooks,38,Middle-aged (30-49),1303.93,Silver,Sales,False
349,Heidi Brewer,79,Senior (50+),2912.3,Bronze,Operations,False
350,Kyle Jenkins,41,Middle-aged (30-49),310.62,Bronze,Sales,False
351,Jane Gonzalez,28,Young (18-29),2512.6,Gold,Operations,True
352,Timothy Chambers,76,Senior (50+),3073.13,Silver,HR,True
353,Nicholas Brown,27,Young (18-29),4944.19,Gold,Operations,False
354,Brandon Aguirre,53,Senior (50+),3786.75,Silver,Operations,True
355,Peggy Friedman,66,Senior (50+),409.35,Platinum,IT,False
356,Travis Pope,76,Senior (50+),308.79,Silver,Marketing,True
357,Omar Mclaughlin,38,Middle-aged (30-49),2209.2,Silver,IT,False
358,Melinda Carey,75,Senior (50+),4043.46,Platinum,Finance,True
359,Michelle White,44,Middle-aged (30-49),288.68,Platinum,Operations,False
360,Karen Carpenter,19,Young (18-29),4082.27,Silver,IT,True
361,Terri White,45,Middle-aged (30-49),318.8,Bronze,HR,True
362,Debra Hill,20,Young (18-29),899.91,Silver,Sales,False
363,Mark Reeves,75,Senior (50+),4348.1,Platinum,IT,False
364,David Anderson,61,Senior (50+),664.95,Gold,Marketing,True
365,Catherine Dixon,52,Senior (50+),636.74,Silver,IT,True
366,Rebecca Ross,80,Senior (50+),3367.5,Platinum,Marketing,False
367,Chris Martinez,33,Middle-aged (30-49),775.61,Silver,IT,True
368,Allison Graves,69,Senior (50+),3074.62,Bronze,Marketing,True
369,Ashley Adams,22,Young (18-29),167.88,Bronze,Operations,True
370,John Davis,20,Young (18-29),1171.7,Silver,Marketing,True
371,John Stevenson,50,Senior (50+),4078.93,Gold,Marketing,False
372,Kelly Webb,37,Middle-aged (30-49),4928.48,Silver,Sales,False
373,James Rice,35,Middle-aged (30-49),4742.6,Silver,Finance,False
374,Michael Harrell,49,Middle-aged (30-49),4707.93,Platinum,Operations,False
375,David Cooper,44,Middle-aged (30-49),1499.44,Silver,Marketing,False
376,Thomas Patton,72,Senior (50+),4287.71,Silver,IT,False
377,Isabel Baird,53,Senior (50+),2786.43,Silver,Marketing,False
378,Stacy Cox,34,Middle-aged (30-49),3233.53,Platinum,IT,False
379,Amy Cooper,52,Senior (50+),257.68,Platinum,IT,True
380,Tammy Roberts,30,Middle-aged (30-49),2937.92,Silver,Marketing,False
381,Krystal Gibson,73,Senior (50+),1515.94,Bronze,Marketing,True
382,Cassie Wood,79,Senior (50+),3734.4,Platinum,Operations,True
383,Jeffrey Adams,56,Senior (50+),1983.16,Silver,Sales,False
384,Jacob Thomas,42,Middle-aged (30-49),3243.61,Gold,Sales,False
385,Laura Smith,50,Senior (50+),2330.02,Platinum,Marketing,False
386,Curtis Phillips,41,Middle-aged (30-49),228.58,Silver,IT,True
387,Sandra Gillespie,34,Middle-aged (30-49),2895.71,Platinum,Marketing,False
388,Kristen Mendoza,30,Middle-aged (30-49),1899.2,Silver,Finance,False
389,Amber Vasquez,59,Senior (50+),1286.63,Platinum,HR,False
390,Teresa Durham,28,Young (18-29),1760.88,Silver,Marketing,False
391,Mariah Butler,76,Senior (50+),4951.62,Bronze,IT,True
392,Jenna Henderson,78,Senior (50+),242.57,Bronze,Marketing,False
393,Deborah Lee,71,Senior (50+),339.84,Silver,Marketing,True
394,Ashley Williams,50,Senior (50+),302.25,Platinum,IT,False
395,Kelly Hernandez,18,Young (18-29),2056.69,Bronze,Finance,False
396,Catherine Rubio,80,Senior (50+),2511.08,Platinum,IT,True
397,Scott Glass,76,Senior (50+),744.49,Silver,Sales,False
398,Eric Garcia,35,Middle-aged (30-49),395.1,Platinum,Finance,False
399,Mark Stewart,33,Middle-aged (30-49),1499.87,Bronze,IT,True
400,Jason Johnson,43,Middle-aged (30-49),2763.51,Bronze,Operations,True
401,Franklin Bailey,28,Young (18-29),4226.65,Gold,Finance,True
402,Victor Stewart,76,Senior (50+),1057.09,Platinum,IT,False
403,Michael Turner,77,Senior (50+),4627.92,Bronze,Sales,True
404,Haley Kim,19,Young (18-29),720.96,Platinum,Sales,True
405,Melissa Sampson,28,Young (18-29),2833.48,Platinum,HR,False
406,Matthew Haley,66,Senior (50+),3952.49,Bronze,IT,False
407,Courtney Green,24,Young (18-29),4193.37,Gold,Sales,False
408,Jeffrey Lee,19,Young (18-29),3917.74,Platinum,Marketing,False
409,Jared Garcia,40,Middle-aged (30-49),2159.24,Platinum,Finance,True
410,Aimee Scott,36,Middle-aged (30-49),3565.54,Bronze,Marketing,False
411,Ryan Potts,42,Middle-aged (30-49),3169.5,Platinum,Sales,False
412,Caleb Jackson,24,Young (18-29),4714.8,Platinum,Sales,False
413,Mark Marshall,24,Young (18-29),936.96,Platinum,IT,False
414,David Chavez,19,Young (18-29),2771.1,Gold,IT,False
415,Richard Hawkins,36,Middle-aged (30-49),3895.85,Silver,Operations,True
416,Adam Watts,42,Middle-aged (30-49),1344.59,Gold,Marketing,False
417,Robert Griffin,22,Young (18-29),1379.81,Gold,IT,False
418,Tony Peterson,41,Middle-aged (30-49),3604.5,Platinum,HR,True
419,Curtis Murray,24,Young (18-29),33.84,Platinum,Finance,False
420,Joseph Davis,42,Middle-aged (30-49),2201.11,Platinum,Sales,True
421,Craig Perez,38,Middle-aged (30-49),1004.26,Gold,HR,True
422,Donald Smith,79,Senior (50+),3674.37,Platinum,Sales,True
423,Dwayne Davis,42,Middle-aged (30-49),1964.68,Bronze,Finance,True
424,Donald Jimenez,52,Senior (50+),3838.09,Bronze,Operations,False
425,Matthew Salazar,31,Middle-aged (30-49),4156.41,Bronze,Operations,False
426,Brian Torres,49,Middle-aged (30-49),1514.16,Gold,Operations,True
427,Roberto Rasmussen,45,Middle-aged (30-49),369.83,Platinum,Finance,False
428,Samuel Taylor,50,Senior (50+),2091.5,Bronze,Operations,False
429,Christine Yoder,75,Senior (50+),2969.1,Bronze,Marketing,True
430,Anna Coffey,60,Senior (50+),831.69,Bronze,Sales,False
431,David Sullivan,79,Senior (50+),529.72,Bronze,Marketing,False
432,Paul Marsh,50,Senior (50+),2789.97,Silver,Sales,False
433,Michael Foley,43,Middle-aged (30-49),3397.78,Silver,IT,False
434,Brianna Carpenter,48,Middle-aged (30-49),2079.88,Bronze,Operations,True
435,Benjamin Brady,27,Young (18-29),1715.33,Silver,Sales,False
436,Allison Tyler,48,Middle-aged (30-49),3609.97,Platinum,IT,False
437,Ashley Wells,37,Middle-aged (30-49),575.43,Gold,Operations,True
438,Monique Moore,69,Senior (50+),1219.56,Silver,Sales,True
439,Jessica Glass,53,Senior (50+),1159.28,Platinum,Marketing,True
440,Teresa Smith,58,Senior (50+),1977.91,Silver,Finance,False
441,Michael Lee,45,Middle-aged (30-49),3523.68,Silver,Operations,False
442,Pamela Bolton,69,Senior (50+),2886.74,Silver,Sales,False
443,Stephanie Tucker,30,Middle-aged (30-49),1311.77,Platinum,Finance,False
444,Tammy Brown,42,Middle-aged (30-49),2935.02,Gold,HR,False
445,Jessica Howell,57,Senior (50+),3529.94,Gold,Operations,True
446,Joshua Lutz,26,Young (18-29),1192.86,Bronze,Sales,True
447,Ricky Riley,62,Senior (50+),1942.32,Silver,HR,False
448,Bobby Love,29,Young (18-29),2686.9,Silver,HR,True
449,Justin Johnson,36,Middle-aged (30-49),1572.9,Platinum,Sales,True
450,Christian Jones,78,Senior (50+),682.67,Platinum,HR,False
451,Tiffany Hall,61,Senior (50+),3550.71,Platinum,Marketing,False
452,Catherine Flynn,23,Young (18-29),3979.4,Silver,IT,False
453,Paul Henderson,35,Middle-aged (30-49),1443.35,Platinum,Finance,False
454,Lori Hicks,50,Senior (50+),571.03,Gold,Operations,True
455,Sierra Khan,46,Middle-aged (30-49),4948.88,Bronze,Sales,True
456,Rachel Moyer,73,Senior (50+),1314.08,Bronze,IT,False
457,Julie Walker,67,Senior (50+),1049.39,Gold,Marketing,False
458,Edward Cervantes,57,Senior (50+),1033.1,Silver,Finance,True
459,Alyssa Best,40,Middle-aged (30-49),2984.29,Silver,Operations,False
460,Raymond Anderson,36,Middle-aged (30-49),1336.72,Bronze,HR,True
461,Lori Parker,76,Senior (50+),4335.24,Silver,Marketing,True
462,Jason Nichols,27,Young (18-29),4142.41,Platinum,Marketing,False
463,Justin Johnson,54,Senior (50+),3139.06,Platinum,IT,False
464,Kevin Stevens,58,Senior (50+),465.47,Gold,HR,False
465,Becky Johnson,78,Senior (50+),2909.78,Bronze,Operations,False
466,Robert Yang,60,Senior (50+),4250.53,Platinum,HR,True
467,Gabriel Kim,70,Senior (50+),1342.68,Gold,Finance,False
468,Nathan Munoz,54,Senior (50+),4262.11,Gold,IT,True
469,Brooke Jones,24,Young (18-29),4183.51,Bronze,Marketing,True
470,Brenda Miranda,46,Middle-aged (30-49),4959.19,Platinum,Operations,True
471,Thomas Turner,76,Senior (50+),1509.33,Gold,Operations,True
472,Michael Johnson,41,Middle-aged (30-49),1859.22,Silver,HR,True
473,Joshua Holland,58,Senior (50+),3497.21,Silver,Operations,False
474,Robert Singleton,23,Young (18-29),5.43,Platinum,Marketing,True
475,Jessica Miller,55,Senior (50+),3399.91,Bronze,Operations,True
476,Tammy Wang,39,Middle-aged (30-49),4940.77,Platinum,HR,True
477,Heidi Baker,22,Young (18-29),446.66,Bronze,Sales,True
478,Darius Barrett,41,Middle-aged (30-49),685.65,Silver,IT,True
479,Scott Jensen,51,Senior (50+),3051.6,Silver,Sales,False
480,Tammy Bender,64,Senior (50+),3741.34,Platinum,Marketing,False
481,James Davis,23,Young (18-29),700.07,Bronze,Sales,False
482,Ricardo Murphy,79,Senior (50+),3955.38,Silver,Operations,False
483,Debbie Taylor,23,Young (18-29),3005.0,Gold,Operations,True
484,Lindsay Martin,74,Senior (50+),2588.75,Silver,Sales,False
485,Amanda Reyes,59,Senior (50+),4489.56,Silver,HR,False
486,Matthew Phillips,25,Young (18-29),3190.41,Bronze,Sales,True
487,Stephen Williamson,77,Senior (50+),1934.19,Platinum,Finance,False
488,Darren Lee,61,Senior (50+),2355.07,Bronze,Finance,True
489,Robert Anderson,22,Young (18-29),1078.71,Bronze,Finance,False
490,Sean Murray,36,Middle-aged (30-49),2505.24,Platinum,Operations,False
491,Michael Reynolds,43,Middle-aged (30-49),2682.82,Silver,IT,False
492,Jeff Lester,37,Middle-aged (30-49),4604.62,Silver,HR,False
493,Betty Barnes,55,Senior (50+),4172.63,Bronze,Operations,False
494,Andrea Boyer,45,Middle-aged (30-49),289.53,Bronze,IT,False
495,Daniel Munoz,47,Middle-aged (30-49),275.14,Silver,IT,True
496,Bill Ross,63,Senior (50+),56.75,Platinum,Finance,False
497,Karen Sherman,51,Senior (50+),1296.23,Gold,Operations,True
498,Kenneth Manning,67,Senior (50+),3664.68,Bronze,Sales,True
499,Michelle Washington,69,Senior (50+),2619.27,Gold,HR,True
500,Michael Johnson,47,Middle-aged (30-49),277.2,Silver,Marketing,False
501,Gregory Krause,34,Middle-aged (30-49),4471.34,Bronze,Operations,True
502,Christopher Gonzalez,50,Senior (50+),4293.45,Bronze,IT,True
503,Deanna Baker,48,Middle-aged (30-49),4601.13,Silver,Finance,True
504,Jesse Parker,69,Senior (50+),3703.33,Platinum,Sales,True
505,Kevin Thomas,33,Middle-aged (30-49),1599.68,Bronze,IT,False
506,Ann Gonzalez,50,Senior (50+),896.72,Bronze,IT,False
507,Matthew Medina,74,Senior (50+),3867.64,Gold,IT,False
508,Hannah Taylor,53,Senior (50+),1844.6,Gold,Operations,False
509,Brian Mayo,57,Senior (50+),1841.37,Platinum,Operations,True
510,Pamela Gamble,75,Senior (50+),3979.87,Silver,HR,True
511,Katrina Patel,19,Young (18-29),1732.12,Bronze,IT,False
512,James Martin,66,Senior (50+),4245.03,Gold,Marketing,True
513,Robin Ramsey,51,Senior (50+),2460.14,Bronze,Operations,True
514,Mary Hamilton,35,Middle-aged (30-49),4606.37,Platinum,HR,False
515,Jodi Carter,80,Senior (50+),2903.85,Silver,IT,False
516,Anthony Ruiz,55,Senior (50+),2174.91,Silver,Sales,True
517,David Douglas,34,Middle-aged (30-49),4630.21,Platinum,Sales,False
518,Elizabeth Meyer,46,Middle-aged (30-49),373.44,Silver,Finance,True
519,Tara Sullivan,24,Young (18-29),821.87,Platinum,HR,False
520,Amy Davis,25,Young (18-29),4823.17,Silver,Sales,False
521,Anna Schmidt,47,Middle-aged (30-49),452.1,Gold,Marketing,True
522,Patricia Mcdonald,71,Senior (50+),741.62,Silver,HR,False
523,Chad Richmond,50,Senior (50+),1494.2,Silver,HR,True
524,Eric Beard,72,Senior (50+),3740.39,Silver,HR,True
525,Michelle Ramirez,24,Young (18-29),698.97,Bronze,Marketing,True
526,Dawn Garcia,26,Young (18-29),1861.2,Bronze,IT,False
527,Mark Carter,19,Young (18-29),4512.48,Platinum,IT,True
528,Christina Singh,75,Senior (50+),612.64,Platinum,Marketing,True
529,Daniel Perkins,77,Senior (50+),4108.43,Platinum,IT,False
530,Jeffrey Mckenzie,42,Middle-aged (30-49),864.04,Silver,Sales,True
531,Ashley Gutierrez,35,Middle-aged (30-49),173.25,Silver,HR,False
532,Daniel Mckenzie,44,Middle-aged (30-49),2395.15,Bronze,HR,False
533,Jasmine Brown,26,Young (18-29),3213.26,Silver,HR,True
534,Chelsea Joseph,68,Senior (50+),2398.42,Platinum,Finance,False
535,Gregory Jordan,50,Senior (50+),1352.18,Bronze,Finance,False
536,Kevin Marsh,32,Middle-aged (30-49),1404.66,Platinum,Finance,False
537,Susan Shepard,32,Middle-aged (30-49),1239.29,Silver,Finance,False
538,Donald Horne,70,Senior (50+),279.54,Silver,Sales,False
539,Richard Bennett,77,Senior (50+),880.5,Gold,Finance,False
540,Amanda Williams,19,Young (18-29),1758.41,Silver,HR,True
541,Sandra Smith,52,Senior (50+),2452.18,Bronze,Marketing,True
542,Madison Bennett,56,Senior (50+),2632.24,Bronze,Finance,False
543,Heather Mitchell,30,Middle-aged (30-49),1703.8,Silver,IT,False
544,Samuel Thomas,19,Young (18-29),3523.48,Silver,Finance,True
545,Jennifer Johnson,73,Senior (50+),1867.95,Platinum,Sales,True
546,Brian Hughes,37,Middle-aged (30-49),4879.3,Platinum,Operations,False
547,Timothy Roach,38,Middle-aged (30-49),4843.71,Gold,Operations,True
548,Courtney Clark,55,Senior (50+),1891.92,Gold,Marketing,True
549,Michelle Conner,64,Senior (50+),4743.49,Platinum,Marketing,True
550,Tonya Becker,56,Senior (50+),1104.48,Bronze,Marketing,False
551,James Hernandez,39,Middle-aged (30-49),1189.98,Gold,Operations,True
552,Theresa Beck,74,Senior (50+),3350.12,Gold,IT,False
553,Christopher Wood,34,Middle-aged (30-49),3465.88,Gold,IT,False
554,Ruth Burns,64,Senior (50+),1929.69,Platinum,HR,True
555,Heidi Rogers,49,Middle-aged (30-49),1756.16,Platinum,HR,True
556,Ashley Young,68,Senior (50+),3254.85,Silver,HR,True
557,Jason Love,22,Young (18-29),1474.54,Gold,IT,False
558,Jacqueline Jones,22,Young (18-29),4439.66,Silver,Finance,True
559,Bryan Snyder,78,Senior (50+),1689.75,Platinum,HR,True
560,Brenda Williams,78,Senior (50+),3036.59,Platinum,IT,True
561,Allen Kennedy,24,Young (18-29),4871.99,Platinum,Operations,False
562,Marcus Woods,36,Middle-aged (30-49),479.58,Platinum,Marketing,False
563,Sergio Butler,21,Young (18-29),2138.03,Gold,Marketing,False
564,Eddie Morris,24,Young (18-29),854.16,Gold,HR,True
565,Todd Edwards,72,Senior (50+),3924.38,Platinum,Operations,False
566,Renee Hernandez,34,Middle-aged (30-49),2720.63,Silver,HR,False
567,Andrea Fuller,41,Middle-aged (30-49),223.08,Platinum,Sales,False
568,Robert Potter,32,Middle-aged (30-49),2821.23,Silver,IT,True
569,Devin Flores,60,Senior (50+),2069.93,Silver,HR,True
570,Micheal Roach,70,Senior (50+),4828.14,Platinum,HR,True
571,Emily Carrillo,37,Middle-aged (30-49),4513.89,Bronze,IT,True
572,Paul Murphy,78,Senior (50+),864.39,Silver,Marketing,True
573,James Henderson,26,Young (18-29),391.84,Platinum,Operations,True
574,Anna Brown,27,Young (18-29),1289.43,Bronze,HR,True
575,Monica Young,53,Senior (50+),1630.63,Gold,IT,False
576,Malik Fowler,68,Senior (50+),2937.88,Platinum,HR,True
577,Brad Hunter,27,Young (18-29),2939.67,Bronze,Finance,True
578,Tracy Nguyen,67,Senior (50+),1430.46,Gold,Sales,False
579,Danielle Lynn,42,Middle-aged (30-49),2860.12,Platinum,Marketing,True
580,Timothy Mendez,35,Middle-aged (30-49),3091.22,Platinum,HR,True
581,Jennifer Baldwin,74,Senior (50+),3452.57,Bronze,Sales,False
582,Sara Valdez,75,Senior (50+),1689.33,Gold,Sales,False
583,Ian Peterson,71,Senior (50+),3424.26,Silver,Sales,True
584,Thomas Ramirez,80,Senior (50+),3870.15,Gold,Operations,False
585,James Evans,44,Middle-aged (30-49),446.43,Platinum,HR,True
586,Gerald Tran,65,Senior (50+),2582.51,Gold,Finance,True
587,Emily Galvan,68,Senior (50+),1555.62,Platinum,Finance,True
588,Dustin Davidson,74,Senior (50+),868.69,Silver,Marketing,True
589,John Adams,20,Young (18-29),4590.16,Silver,Sales,False
590,Amy Morris,70,Senior (50+),1984.71,Bronze,Marketing,True
591,Tonya Smith,41,Middle-aged (30-49),2230.52,Platinum,Sales,False
592,Virginia Williams,28,Young (18-29),3744.81,Bronze,IT,False
593,Sarah Gomez,42,Middle-aged (30-49),4269.11,Silver,Operations,True
594,Samantha Ramirez,32,Middle-aged (30-49),1345.42,Platinum,Operations,True
595,William Hughes,18,Young (18-29),3236.86,Bronze,Sales,True
596,Debbie Brown,56,Senior (50+),3563.7,Gold,HR,False
597,Deanna George,72,Senior (50+),1259.99,Platinum,Operations,False
598,Jeremy Collins,51,Senior (50+),1985.76,Bronze,Finance,True
599,Miguel White,60,Senior (50+),2807.29,Gold,Operations,False
600,Catherine Williams,24,Young (18-29),1681.42,Gold,Sales,False
601,Kenneth Munoz,34,Middle-aged (30-49),4760.94,Gold,Marketing,True
602,Reginald Marquez,51,Senior (50+),4498.44,Platinum,Operations,False
603,Melanie Jones,26,Young (18-29),3277.0,Gold,HR,False
604,Laurie Richards,43,Middle-aged (30-49),176.6,Silver,Operations,False
605,Bobby Turner,63,Senior (50+),2673.18,Platinum,Finance,False
606,Christopher Stevens,37,Middle-aged (30-49),4203.19,Silver,IT,False
607,Victor Ramsey,48,Middle-aged (30-49),1293.26,Silver,Operations,False
608,Stacy Bates,23,Young (18-29),1116.64,Gold,Sales,False
609,Carly Watkins,41,Middle-aged (30-49),1470.26,Bronze,IT,False
610,Frederick Collins,73,Senior (50+),2901.57,Bronze,Marketing,False
611,Zachary Crawford,50,Senior (50+),1908.35,Gold,IT,False
612,Daniel Cole,73,Senior (50+),686.83,Silver,HR,False
613,Linda Price,54,Senior (50+),716.12,Silver,HR,True
614,Kelli Welch,39,Middle-aged (30-49),1567.07,Bronze,HR,True
615,Katelyn Williams,35,Middle-aged (30-49),3867.71,Silver,IT,False
616,Randy Jordan,26,Young (18-29),3167.44,Platinum,HR,False
617,Stacey Smith,42,Middle-aged (30-49),2668.91,Gold,Sales,True
618,Kaylee Blake,66,Senior (50+),952.88,Bronze,Marketing,True
619,Christine Montes,62,Senior (50+),1560.46,Bronze,Finance,False
620,Carl Kaiser,55,Senior (50+),326.44,Bronze,Sales,False
621,Tara Atkins,47,Middle-aged (30-49),2981.85,Gold,Operations,False
622,Brian Evans,26,Young (18-29),1796.25,Silver,HR,True
623,Melissa Cox,19,Young (18-29),3635.84,Silver,Operations,True
624,Samantha Fisher,19,Young (18-29),844.92,Gold,HR,True
625,Deborah Carroll,74,Senior (50+),3856.25,Bronze,Operations,True
626,Terri Jenkins,24,Young (18-29),241.18,Bronze,HR,False
627,Dean Robinson,42,Middle-aged (30-49),1263.69,Silver,Operations,True
628,James Reid,61,Senior (50+),1505.58,Bronze,Finance,False
629,Kayla Kennedy,56,Senior (50+),2094.13,Bronze,Sales,True
630,Andrea May,25,Young (18-29),2488.7,Silver,Finance,False
631,Kayla Carrillo,80,Senior (50+),3517.18,Gold,IT,True
632,Michael Blake,53,Senior (50+),3441.02,Platinum,Marketing,False
633,Jonathan Hull,18,Young (18-29),445.01,Bronze,Marketing,False
634,Victoria Flynn,78,Senior (50+),2558.53,Bronze,Operations,False
635,Harry Wilcox,32,Middle-aged (30-49),1320.63,Bronze,Marketing,True
636,Robert Miller,73,Senior (50+),1801.07,Gold,Operations,False
637,Jessica Ingram,25,Young (18-29),4451.46,Bronze,Operations,True
638,Michele Stephens,59,Senior (50+),1787.64,Platinum,Operations,False
639,Steven Maldonado,23,Young (18-29),914.35,Platinum,HR,False
640,Emily Norton,35,Middle-aged (30-49),3449.51,Platinum,Operations,False
641,Taylor Hunter,74,Senior (50+),565.28,Bronze,IT,True
642,Jeremy Morris,44,Middle-aged (30-49),2413.37,Platinum,Finance,True
643,Brandon Martinez,42,Middle-aged (30-49),3056.79,Silver,HR,False
644,Emily Thomas,25,Young (18-29),2203.44,Bronze,Operations,False
645,Johnathan Murray,38,Middle-aged (30-49),4341.66,Silver,Finance,False
646,William Choi,51,Senior (50+),3091.2,Platinum,HR,True
647,Jason Hubbard,40,Middle-aged (30-49),3207.02,Silver,IT,True
648,Dawn Key,59,Senior (50+),4244.23,Platinum,IT,True
649,Robert Dunn,66,Senior (50+),1204.46,Gold,Finance,True
650,Bailey Rodriguez,32,Middle-aged (30-49),1893.19,Silver,HR,True
651,Julie Cross,46,Middle-aged (30-49),2240.49,Platinum,Sales,False
652,Brian Dyer,25,Young (18-29),3266.87,Bronze,HR,False
653,Rachel Howell,20,Young (18-29),0.85,Bronze,Finance,False
654,Shannon Benson,53,Senior (50+),3357.37,Gold,IT,False
655,Michael Cruz,70,Senior (50+),1659.86,Platinum,Operations,False
656,Ricky Lyons,46,Middle-aged (30-49),3796.6,Silver,Sales,True
657,Tina Clayton,40,Middle-aged (30-49),4822.17,Gold,Operations,False
658,Richard Jones,24,Young (18-29),2462.11,Platinum,Sales,True
659,Rachel Bond,57,Senior (50+),603.73,Platinum,HR,True
660,Kelly Obrien,70,Senior (50+),3583.94,Bronze,IT,False
661,Robert Anderson,77,Senior (50+),2944.06,Platinum,Operations,False
662,Leon Espinoza,55,Senior (50+),4819.27,Bronze,Finance,True
663,Taylor Payne,77,Senior (50+),2414.66,Silver,Operations,True
664,Joshua Cooley,70,Senior (50+),1937.03,Gold,HR,False
665,Ashley Peterson,80,Senior (50+),3811.87,Gold,Sales,False
666,Amy Fields,80,Senior (50+),4023.98,Silver,Finance,False
667,Phillip Marks,62,Senior (50+),2561.47,Gold,Marketing,True
668,Joe Hanson,31,Middle-aged (30-49),1452.9,Gold,Operations,True
669,Deborah Campbell,59,Senior (50+),2712.46,Gold,Sales,True
670,Steven Bishop,53,Senior (50+),2853.19,Platinum,HR,False
671,Faith Sparks,69,Senior (50+),532.35,Platinum,IT,True
672,James Gomez,60,Senior (50+),1334.89,Silver,Operations,False
673,Jennifer Randolph,34,Middle-aged (30-49),3452.97,Gold,Finance,True
674,Michael Lynn,20,Young (18-29),512.4,Silver,Marketing,False
675,Brandi Adams,50,Senior (50+),3994.11,Gold,HR,True
676,Logan Smith,42,Middle-aged (30-49),4879.11,Gold,IT,True
677,Melissa Bailey,65,Senior (50+),3102.81,Platinum,Operations,True
678,Michael Delacruz,63,Senior (50+),1838.71,Silver,Sales,True
679,Dawn Petersen,46,Middle-aged (30-49),372.34,Silver,HR,True
680,Wanda Henry,20,Young (18-29),2782.99,Silver,Finance,True
681,Bryan Gonzalez,72,Senior (50+),1652.81,Silver,Marketing,True
682,Elizabeth Thompson,77,Senior (50+),254.28,Gold,Finance,False
683,Hunter Gonzales,53,Senior (50+),3920.16,Gold,Marketing,True
684,Danielle Young,51,Senior (50+),2525.7,Platinum,IT,False
685,Jose King,40,Middle-aged (30-49),3316.67,Gold,Sales,False
686,Tyler Rodriguez,31,Middle-aged (30-49),2652.49,Bronze,Operations,True
687,Catherine Case,40,Middle-aged (30-49),4522.48,Silver,Operations,True
688,Melissa Berry,74,Senior (50+),4579.66,Bronze,Sales,False
689,James Smith,52,Senior (50+),123.53,Gold,HR,False
690,Christopher Rodriguez,20,Young (18-29),962.56,Bronze,Marketing,True
691,Harold Curtis,80,Senior (50+),2666.03,Bronze,Operations,True
692,Madeline Lee,58,Senior (50+),4324.75,Platinum,Marketing,True
693,Kathryn Anderson,52,Senior (50+),4393.19,Platinum,Operations,True
694,Andrew Perez,61,Senior (50+),2296.13,Gold,IT,True
695,Kimberly Bailey,22,Young (18-29),3971.07,Bronze,Sales,True
696,Raymond Hines,44,Middle-aged (30-49),3151.09,Platinum,IT,False
697,Cristian Brown,42,Middle-aged (30-49),2674.17,Bronze,Operations,True
698,Caitlyn Crawford,72,Senior (50+),4640.24,Bronze,Operations,False
699,Robert Garcia,37,Middle-aged (30-49),1407.59,Platinum,HR,False
700,Jasmine Stewart,70,Senior (50+),2369.94,Silver,Operations,True
701,Angela Carter,43,Middle-aged (30-49),1474.89,Silver,Operations,False
702,Brandi Barr,74,Senior (50+),4335.69,Gold,Finance,True
703,Jordan Atkinson,73,Senior (50+),616.18,Bronze,Finance,False
704,Patricia Torres,53,Senior (50+),1050.26,Gold,HR,True
705,Christopher Larson,75,Senior (50+),712.28,Silver,Finance,True
706,Michael Williams,71,Senior (50+),573.11,Bronze,Operations,False
707,Amy Le,53,Senior (50+),3358.43,Gold,Marketing,True
708,Kimberly Adams,64,Senior (50+),4757.7,Gold,Operations,True
709,Brenda Sherman,59,Senior (50+),1425.69,Bronze,Sales,True
710,Renee Ward,49,Middle-aged (30-49),3081.71,Gold,Finance,True
711,Cameron Black,54,Senior (50+),4793.29,Silver,Sales,True
712,Cindy Ellison,33,Middle-aged (30-49),3561.0,Platinum,Sales,False
713,Jennifer Frazier,26,Young (18-29),1657.81,Platinum,HR,False
714,Craig Riley,40,Middle-aged (30-49),2434.86,Bronze,Operations,True
715,Angela Graham,56,Senior (50+),4293.57,Silver,Sales,True
716,David Vincent,64,Senior (50+),382.31,Bronze,Finance,True
717,Kathleen Hayes,58,Senior (50+),2894.5,Silver,Finance,True
718,Zachary Foster,34,Middle-aged (30-49),2360.52,Silver,HR,False
719,Brian Rice,32,Middle-aged (30-49),2948.0,Gold,HR,True
720,Heather Hall,50,Senior (50+),1983.93,Bronze,Finance,True
721,Kathy Simon,61,Senior (50+),2570.68,Platinum,Marketing,True
722,Rachael Gomez,54,Senior (50+),4360.98,Silver,Sales,False
723,Michelle French,20,Young (18-29),2438.21,Bronze,Sales,False
724,Thomas Harvey,32,Middle-aged (30-49),1033.87,Gold,HR,False
725,Carol Torres,76,Senior (50+),199.52,Gold,Operations,True
726,Joe Bradley,79,Senior (50+),4148.24,Gold,HR,True
727,Aaron Brown,59,Senior (50+),2938.39,Bronze,HR,False
728,Rachael Roberts,80,Senior (50+),2581.86,Gold,HR,False
729,Ian Wood,68,Senior (50+),32.99,Silver,Marketing,False
730,Patricia Bender,32,Middle-aged (30-49),3217.39,Silver,Marketing,True
731,Jessica Cunningham,28,Young (18-29),3586.51,Bronze,HR,True
732,Henry Chavez,69,Senior (50+),566.69,Platinum,Marketing,False
733,Ashley Michael,55,Senior (50+),4166.82,Bronze,IT,True
734,Donald Hahn,26,Young (18-29),805.65,Bronze,IT,True
735,Maria Page,28,Young (18-29),2583.2,Platinum,Operations,True
736,Zachary Martin,64,Senior (50+),4736.27,Silver,Finance,False
737,Leslie Simmons,48,Middle-aged (30-49),852.83,Platinum,Finance,True
738,Jennifer Lyons,70,Senior (50+),3116.06,Gold,Operations,True
739,Lance Ryan,61,Senior (50+),2982.67,Bronze,HR,True
740,Nicole Allen,42,Middle-aged (30-49),82.81,Platinum,Finance,True
741,Tina Velez,24,Young (18-29),4508.04,Bronze,IT,True
742,Mathew Cannon,48,Middle-aged (30-49),4509.92,Bronze,Finance,False
743,Gary Johnson,44,Middle-aged (30-49),3488.21,Platinum,HR,True
744,Jennifer White,68,Senior (50+),1752.59,Bronze,Marketing,False
745,Keith Byrd,34,Middle-aged (30-49),1162.56,Bronze,Finance,False
746,Veronica Rogers,74,Senior (50+),1289.02,Bronze,Finance,True
747,Tim Williams,51,Senior (50+),35.97,Silver,HR,False
748,Charles Lewis,41,Middle-aged (30-49),2130.36,Gold,Finance,False
749,Anthony Williams,45,Middle-aged (30-49),3059.4,Platinum,HR,True
750,Peggy Cook,53,Senior (50+),2412.34,Gold,Sales,False
751,Harold Smith,37,Middle-aged (30-49),3870.97,Platinum,Operations,True
752,Jackie Jackson,25,Young (18-29),2232.97,Silver,Marketing,True
753,Nicole Carroll,50,Senior (50+),1692.19,Bronze,HR,True
754,William Rivera,79,Senior (50+),4021.85,Silver,Finance,False
755,Tony Ramirez,45,Middle-aged (30-49),1315.46,Gold,Finance,True
756,Michael Arias,20,Young (18-29),4653.42,Platinum,Operations,False
757,David Jones,79,Senior (50+),4728.58,Silver,HR,False
758,Sheila Barnes,18,Young (18-29),4653.79,Gold,IT,True
759,Tammy Myers,68,Senior (50+),2579.07,Silver,Operations,True
760,Kristi Wade,20,Young (18-29),3275.1,Silver,Sales,True
761,John Anderson,67,Senior (50+),3348.31,Platinum,Finance,True
762,Joseph Boyer,18,Young (18-29),343.09,Bronze,Operations,False
763,David Thompson,71,Senior (50+),1740.48,Gold,Finance,True
764,John Frank,79,Senior (50+),4648.57,Bronze,Marketing,False
765,Stephen Garcia,44,Middle-aged (30-49),2793.15,Gold,IT,False
766,Pamela Wagner,69,Senior (50+),4380.57,Gold,HR,False
767,Adam Ramirez,54,Senior (50+),1216.37,Gold,Operations,False
768,Steven Bradford,47,Middle-aged (30-49),4310.12,Platinum,Sales,True
769,Rebecca Johnson,22,Young (18-29),3943.28,Silver,Sales,True
770,Justin Farrell,44,Middle-aged (30-49),2678.26,Gold,Sales,True
771,James Johnson,23,Young (18-29),3743.94,Gold,Finance,True
772,Tamara Hendrix,77,Senior (50+),1569.36,Silver,Marketing,False
773,John Prince,78,Senior (50+),4651.28,Silver,Operations,False
774,Richard Brown,30,Middle-aged (30-49),1210.28,Gold,Marketing,True
775,Matthew Patterson,30,Middle-aged (30-49),4181.67,Gold,IT,True
776,Tyler Taylor,25,Young (18-29),4778.9,Platinum,Finance,True
777,Lauren Galloway,79,Senior (50+),1855.98,Gold,Finance,False
778,Emily Floyd,73,Senior (50+),914.36,Gold,Marketing,False
779,Robert Hoffman,66,Senior (50+),270.74,Platinum,Finance,False
780,Jeffrey Gonzalez,20,Young (18-29),1968.58,Silver,IT,False
781,Evan Martin,62,Senior (50+),1578.26,Bronze,Operations,True
782,Karen Baxter,31,Middle-aged (30-49),503.74,Gold,Marketing,False
783,Erica Sandoval,53,Senior (50+),1347.04,Gold,Marketing,False
784,Kevin York,49,Middle-aged (30-49),2095.46,Gold,HR,False
785,Jo Kelly,35,Middle-aged (30-49),2857.05,Silver,Operations,True
786,Paul Miller,35,Middle-aged (30-49),2776.7,Platinum,Marketing,True
787,Jesse Hayes,69,Senior (50+),2364.94,Bronze,HR,True
788,Jared Flores,49,Middle-aged (30-49),2585.03,Gold,Sales,False
789,Cindy Hall,34,Middle-aged (30-49),238.55,Bronze,IT,True
790,Lisa Kim,31,Middle-aged (30-49),2382.7,Bronze,Operations,False
791,David Martinez,39,Middle-aged (30-49),1801.53,Gold,IT,False
792,Marisa Walls,44,Middle-aged (30-49),4336.84,Silver,Sales,True
793,Dylan Wright,40,Middle-aged (30-49),2552.22,Platinum,HR,True
794,Theresa Jones,57,Senior (50+),3158.56,Silver,Operations,True
795,Douglas Vasquez,69,Senior (50+),3156.37,Platinum,IT,True
796,Melissa Lee,28,Young (18-29),1567.41,Gold,Finance,False
797,William Bailey,59,Senior (50+),4438.46,Gold,HR,False
798,Christopher Ross,28,Young (18-29),625.2,Silver,Operations,False
799,Jennifer Moore,62,Senior (50+),1052.86,Platinum,IT,True
800,Joseph Ferguson,22,Young (18-29),2742.17,Bronze,Finance,False
801,Patricia Garcia,66,Senior (50+),1312.26,Silver,Operations,True
802,Dana Campbell,77,Senior (50+),1546.85,Silver,HR,False
803,Justin Carr,58,Senior (50+),2633.71,Silver,IT,True
804,Ryan Ortiz,60,Senior (50+),4321.21,Platinum,Finance,False
805,Aaron Kelly,46,Middle-aged (30-49),2696.44,Platinum,Finance,False
806,Monica Lynch,58,Senior (50+),1548.31,Gold,Finance,False
807,Jeremiah Lynch,32,Middle-aged (30-49),2209.3,Gold,Sales,False
808,Mitchell Perkins,27,Young (18-29),0.46,Silver,Sales,False
809,Dawn Weaver,48,Middle-aged (30-49),3438.85,Platinum,Sales,False
810,Mark Guzman,18,Young (18-29),3989.82,Silver,Finance,True
811,Caitlin Parker,41,Middle-aged (30-49),4410.81,Platinum,Marketing,False
812,Amanda Ferguson,28,Young (18-29),3229.95,Platinum,Sales,True
813,Benjamin Ross,23,Young (18-29),1197.81,Gold,Operations,False
814,Jose Bond,65,Senior (50+),2064.52,Bronze,Marketing,True
815,Michael Carter,36,Middle-aged (30-49),2276.72,Platinum,Operations,False
816,Kenneth Herring,57,Senior (50+),1603.22,Silver,Finance,True
817,Kayla Lopez,19,Young (18-29),1410.57,Silver,Operations,False
818,Madison Hall,18,Young (18-29),753.42,Platinum,Sales,True
819,Jennifer Kennedy,44,Middle-aged (30-49),3997.31,Gold,Operations,False
820,Tracy Mendez,68,Senior (50+),401.12,Silver,Sales,True
821,Steven Kelly,67,Senior (50+),2715.96,Silver,Sales,True
822,Dawn Sellers,70,Senior (50+),609.81,Silver,HR,False
823,Mark Guerrero,33,Middle-aged (30-49),995.9,Bronze,HR,True
824,Raymond Frederick,42,Middle-aged (30-49),4681.08,Silver,Operations,True
825,Rebecca Wall,77,Senior (50+),610.71,Platinum,Marketing,False
826,Michael Meyer,41,Middle-aged (30-49),4318.29,Silver,Marketing,True
827,Jose Murphy,58,Senior (50+),75.34,Gold,HR,True
828,Sierra Rogers,68,Senior (50+),4844.17,Platinum,Sales,True
829,Jennifer Woodward,67,Senior (50+),788.49,Bronze,Operations,False
830,Michael Sanchez,21,Young (18-29),3222.87,Bronze,HR,True
831,Robyn Miller,32,Middle-aged (30-49),3942.81,Gold,Operations,False
832,Paul Bennett,30,Middle-aged (30-49),1888.84,Silver,IT,False
833,Katie Gray,49,Middle-aged (30-49),2795.12,Platinum,Finance,True
834,Amy Taylor,29,Young (18-29),1618.4,Platinum,Finance,False
835,Tyler Green,76,Senior (50+),801.72,Silver,Sales,False
836,Tracie Mccormick,70,Senior (50+),1835.56,Bronze,Operations,False
837,Maria Davis,29,Young (18-29),3098.67,Gold,Sales,True
838,Jennifer Kelly,64,Senior (50+),4835.82,Platinum,Finance,True
839,Timothy Jensen,61,Senior (50+),2757.34,Gold,HR,False
840,Alexis Collier,59,Senior (50+),481.28,Bronze,Marketing,True
841,Kimberly Johnson,29,Young (18-29),1010.4,Platinum,IT,True
842,Alexander Lindsey,20,Young (18-29),4181.5,Platinum,IT,False
843,Kiara Paul,41,Middle-aged (30-49),3589.23,Bronze,Operations,True
844,Deborah Smith,49,Middle-aged (30-49),2340.3,Bronze,Finance,False
845,Thomas Miller,65,Senior (50+),4110.13,Bronze,Finance,False
846,Bonnie Skinner,20,Young (18-29),4172.28,Bronze,Finance,True
847,Samuel Sandoval,24,Young (18-29),1155.09,Platinum,Marketing,True
848,Samuel Cole,51,Senior (50+),2850.14,Silver,Operations,False
849,Amy Bennett,24,Young (18-29),2882.82,Platinum,IT,False
850,Patrick Mullins,28,Young (18-29),2749.83,Gold,Finance,True
851,Paul Williams,56,Senior (50+),4512.42,Gold,HR,False
852,Teresa Lopez,66,Senior (50+),4130.77,Gold,Finance,True
853,Brian Brown,52,Senior (50+),3828.54,Gold,HR,False
854,Jose Nguyen,46,Middle-aged (30-49),3631.57,Gold,Finance,True
855,Kristie Villegas,26,Young (18-29),32.84,Silver,Sales,True
856,Jennifer Reese,19,Young (18-29),4111.69,Silver,IT,True
857,Tara Torres,47,Middle-aged (30-49),692.04,Gold,Marketing,True
858,Jimmy Grant,34,Middle-aged (30-49),459.53,Platinum,Operations,True
859,Stephanie Chase,22,Young (18-29),3964.52,Silver,Operations,False
860,Ariel Holder,62,Senior (50+),2976.16,Gold,Operations,True
861,Frank Scott,69,Senior (50+),392.39,Bronze,Sales,False
862,Brenda Roberts,74,Senior (50+),2082.61,Bronze,Operations,True
863,Leah Lopez,59,Senior (50+),4643.27,Platinum,Sales,True
864,Brandon Davis,51,Senior (50+),2699.65,Silver,Finance,False
865,Lori Murphy,62,Senior (50+),252.6,Platinum,Finance,False
866,Sonia Rodriguez,54,Senior (50+),1110.43,Gold,Marketing,False
867,Adam Yates,26,Young (18-29),2379.27,Bronze,Sales,False
868,Jordan Estrada,23,Young (18-29),2172.46,Silver,HR,True
869,James Williams,53,Senior (50+),1976.59,Silver,Marketing,True
870,Jeremy Hernandez,22,Young (18-29),2150.33,Bronze,Operations,True
871,Kayla Moore,44,Middle-aged (30-49),1741.54,Gold,Finance,False
872,Nicholas Mcmillan,59,Senior (50+),1524.09,Gold,Finance,False
873,James Serrano,27,Young (18-29),4621.07,Silver,Operations,True
874,Patrick Martin,41,Middle-aged (30-49),3642.43,Bronze,Operations,True
875,Michele Mccarthy,21,Young (18-29),4633.65,Gold,Sales,True
876,Michael Johnson,62,Senior (50+),1525.59,Platinum,Sales,True
877,Matthew Scott,31,Middle-aged (30-49),1059.38,Gold,Finance,False
878,Dakota Juarez,64,Senior (50+),3493.78,Bronze,Finance,False
879,Roger Lane,75,Senior (50+),217.41,Silver,Sales,True
880,Steven Eaton,30,Middle-aged (30-49),3089.82,Bronze,Operations,False
881,Scott Hart,78,Senior (50+),1943.23,Gold,IT,False
882,Eric Chang,19,Young (18-29),1932.62,Platinum,Sales,True
883,Deanna Kelly,49,Middle-aged (30-49),2657.8,Silver,Finance,True
884,George Williams,79,Senior (50+),4631.75,Bronze,Marketing,True
885,John Jones,77,Senior (50+),1667.85,Platinum,IT,True
886,Samantha Vargas,40,Middle-aged (30-49),1776.89,Gold,Finance,True
887,Brian Thomas,35,Middle-aged (30-49),3128.96,Platinum,Finance,True
888,Jacqueline Garcia,78,Senior (50+),758.54,Platinum,IT,True
889,Judy Patel,64,Senior (50+),4803.03,Silver,Marketing,False
890,Elizabeth Williams,54,Senior (50+),4852.69,Gold,Finance,False
891,Tanya Turner,26,Young (18-29),692.88,Silver,Sales,True
892,Nicole Cook,62,Senior (50+),4547.81,Platinum,Operations,True
893,Michelle Walsh,77,Senior (50+),1587.48,Bronze,Sales,True
894,Kathleen Gilmore,71,Senior (50+),3635.4,Gold,HR,False
895,Samantha Snow,37,Middle-aged (30-49),4668.84,Gold,Marketing,True
896,Kenneth Ford,24,Young (18-29),130.99,Gold,Finance,True
897,Jeffery Fox,32,Middle-aged (30-49),130.42,Bronze,Marketing,False
898,Sheila Baldwin,50,Senior (50+),2343.82,Gold,HR,True
899,Thomas Garrison,49,Middle-aged (30-49),818.93,Silver,HR,True
900,Ross Rogers,66,Senior (50+),4750.99,Silver,Marketing,True
901,Susan Larson,22,Young (18-29),4335.65,Platinum,HR,False
902,Jillian Carter,74,Senior (50+),2024.33,Bronze,Operations,False
903,Rachel Casey,38,Middle-aged (30-49),4695.7,Bronze,HR,True
904,Robert Khan,47,Middle-aged (30-49),4388.9,Silver,Operations,False
905,Rebecca Kelley,20,Young (18-29),2580.63,Bronze,Sales,True
906,Gary Robertson,46,Middle-aged (30-49),3868.39,Gold,Marketing,False
907,Francisco Galvan,45,Middle-aged (30-49),4595.16,Silver,Operations,False
908,Robin Smith,46,Middle-aged (30-49),2503.29,Silver,HR,True
909,Tiffany Cole,44,Middle-aged (30-49),124.56,Platinum,HR,True
910,Michelle Smith,23,Young (18-29),3458.59,Silver,IT,True
911,Carol Moore,25,Young (18-29),3170.36,Bronze,Operations,False
912,Dylan Romero,68,Senior (50+),4748.77,Platinum,IT,False
913,John Wilson,67,Senior (50+),2827.46,Silver,Marketing,True
914,Dorothy Barrett,29,Young (18-29),256.55,Gold,Operations,False
915,Aaron Hull,67,Senior (50+),3132.26,Bronze,Marketing,True
916,Morgan Hudson,18,Young (18-29),1265.55,Platinum,HR,False
917,Elizabeth Thompson,52,Senior (50+),3039.92,Platinum,Marketing,True
918,Robin Morrison,55,Senior (50+),2268.69,Platinum,Finance,True
919,Cody Gonzalez,56,Senior (50+),4410.84,Gold,IT,True
920,Denise Perez,29,Young (18-29),3266.38,Bronze,IT,True
921,Emily Phillips,60,Senior (50+),1492.21,Bronze,IT,True
922,Amy Kaufman,44,Middle-aged (30-49),3360.45,Silver,Operations,False
923,Jessica Stuart,55,Senior (50+),465.63,Gold,Sales,False
924,Michael Perez,75,Senior (50+),3792.21,Bronze,HR,False
925,Lance Bradford,26,Young (18-29),4297.04,Gold,Finance,False
926,Garrett Medina,31,Middle-aged (30-49),3060.27,Bronze,HR,True
927,Sandra Williams,64,Senior (50+),4669.46,Gold,Finance,False
928,Shelby Simon,72,Senior (50+),2626.96,Gold,Finance,True
929,Caroline Camacho,54,Senior (50+),3645.92,Platinum,Marketing,False
930,Erin Wilson,74,Senior (50+),3542.94,Silver,IT,True
931,Diana Johnson,19,Young (18-29),3983.66,Silver,HR,False
932,Devin Davidson,20,Young (18-29),2802.08,Silver,Operations,True
933,Theresa Taylor,30,Middle-aged (30-49),1272.09,Bronze,Sales,False
934,Ryan Smith,50,Senior (50+),3835.16,Bronze,Sales,False
935,Charlene Morgan,43,Middle-aged (30-49),3079.97,Bronze,Marketing,True
936,Jonathan Nelson,39,Middle-aged (30-49),4611.4,Platinum,IT,False
937,Richard Camacho,59,Senior (50+),776.93,Platinum,HR,False
938,Robert Dorsey,68,Senior (50+),4638.95,Bronze,Finance,False
939,Harold Turner,64,Senior (50+),2775.89,Bronze,Finance,True
940,Dana Schmidt,61,Senior (50+),1767.98,Silver,IT,False
941,John Reese,39,Middle-aged (30-49),2671.37,Silver,Marketing,False
942,Timothy Hartman,56,Senior (50+),3757.7,Gold,Sales,True
943,Jennifer Dillon,44,Middle-aged (30-49),4385.24,Gold,Sales,False
944,Alicia Preston,31,Middle-aged (30-49),875.06,Gold,Marketing,True
945,Kristina Rollins,76,Senior (50+),2529.97,Platinum,Marketing,True
946,Brian Gray,39,Middle-aged (30-49),4369.4,Gold,Marketing,False
947,Sara Greer,67,Senior (50+),4110.69,Silver,Operations,True
948,Brenda Carrillo,20,Young (18-29),3568.39,Bronze,Sales,True
949,Julie Hester,77,Senior (50+),4240.62,Bronze,HR,False
950,Samantha Martin,74,Senior (50+),2602.89,Gold,Finance,True
951,Teresa Roberts,66,Senior (50+),4460.68,Gold,Marketing,True
952,Laura Lee,36,Middle-aged (30-49),1595.75,Platinum,Sales,True
953,Jessica Cohen,27,Young (18-29),572.3,Bronze,Finance,True
954,Kelly Brown,40,Middle-aged (30-49),1355.26,Gold,Marketing,True
955,Ronald Hunt,22,Young (18-29),4461.22,Platinum,Marketing,True
956,Jeffrey Bird,19,Young (18-29),252.28,Platinum,IT,True
957,Chelsea Rose,45,Middle-aged (30-49),3523.39,Platinum,Sales,False
958,Dylan Wiggins,39,Middle-aged (30-49),3564.49,Bronze,Finance,False
959,Stacy Douglas,26,Young (18-29),2341.38,Platinum,Operations,False
960,Jillian Ward,59,Senior (50+),2326.98,Silver,Marketing,True
961,Alyssa English,73,Senior (50+),1290.26,Gold,Marketing,False
962,Sonya Johnson,62,Senior (50+),3943.89,Gold,HR,False
963,James Warren,19,Young (18-29),564.44,Platinum,Marketing,False
964,Jamie Johnson,36,Middle-aged (30-49),3022.2,Silver,HR,True
965,Amber Schneider,70,Senior (50+),534.91,Bronze,Finance,False
966,William Spears,47,Middle-aged (30-49),2067.21,Silver,HR,True
967,Jodi Cannon,42,Middle-aged (30-49),1041.19,Platinum,Finance,False
968,Charles Brown,68,Senior (50+),3470.67,Silver,Operations,True
969,Samuel Salas,77,Senior (50+),4183.74,Bronze,Sales,False
970,Luis Robinson,53,Senior (50+),880.87,Platinum,Finance,True
971,Kevin Martin,24,Young (18-29),3856.72,Platinum,HR,False
972,Michael Chen,59,Senior (50+),452.67,Silver,Marketing,True
973,Mary Contreras,60,Senior (50+),2656.28,Platinum,Marketing,False
974,Melissa Bailey,31,Middle-aged (30-49),1498.68,Gold,Operations,False
975,Joshua Shepherd,80,Senior (50+),4951.45,Bronze,Marketing,False
976,Christina Murphy,72,Senior (50+),1846.11,Bronze,Operations,True
977,Noah Jones,53,Senior (50+),548.49,Gold,Marketing,True
978,Marie Casey,45,Middle-aged (30-49),1971.34,Gold,HR,False
979,Eduardo Davis,42,Middle-aged (30-49),1056.08,Silver,Marketing,False
980,Wayne Brown,30,Middle-aged (30-49),4216.64,Gold,Marketing,False
981,Ana Davis,36,Middle-aged (30-49),627.75,Bronze,Operations,True
982,Brian Haley,19,Young (18-29),4424.44,Platinum,IT,True
983,Tonya Morales,26,Young (18-29),4300.76,Platinum,HR,True
984,Christina Williams,50,Senior (50+),4100.36,Platinum,Marketing,False
985,Jay Lopez,29,Young (18-29),37.15,Platinum,Operations,True
986,John Stanley,50,Senior (50+),4632.82,Gold,IT,True
987,Daniel Kennedy,54,Senior (50+),1842.89,Platinum,Marketing,True
988,Veronica Snyder,64,Senior (50+),4917.9,Gold,Finance,False
989,Phillip Ryan,23,Young (18-29),442.23,Platinum,Operations,True
990,Thomas Martin,58,Senior (50+),1562.5,Bronze,Finance,False
991,Douglas Lane,67,Senior (50+),2270.17,Platinum,HR,False
992,Robert Mayo,40,Middle-aged (30-49),1446.04,Bronze,Operations,False
993,Kathleen Miller,68,Senior (50+),307.09,Platinum,Finance,True
994,Christopher Morales,21,Young (18-29),4044.48,Bronze,HR,False
995,Kayla Scott,23,Young (18-29),384.31,Gold,Marketing,False
996,Jacqueline Miller,57,Senior (50+),4289.29,Bronze,Finance,True
997,Sarah Jones,29,Young (18-29),3694.84,Platinum,Marketing,False
998,Darlene Wilson,34,Middle-aged (30-49),1180.98,Silver,Sales,True
999,Cynthia Campbell,80,Senior (50+),2977.72,Silver,HR,False
1000,Richard Diaz,67,Senior (50+),3303.34,Silver,Finance,True
